escala,mi,tipo_produto,ano,inom
250k,503,Carta Ortoimagem,2018,SG-21-X-B
250k,510,Carta Ortoimagem,2018,SG-21-X-D
250k,520,Carta Ortoimagem,2018,SG-21-Z-D
250k,520,Carta Topográfica,1982,SG-21-Z-D
250k,525,Carta Ortoimagem,2018,SH-21-X-A
250k,526,Carta Ortoimagem,2018,SH-21-X-B
250k,531,Carta Ortoimagem,2018,SH-21-V-D
250k,532,Carta Ortoimagem,2018,SH-21-X-C
250k,533,Carta Ortoimagem,2018,SH-21-X-D
250k,537,Carta Ortoimagem,2018,SH-21-Y-B
250k,538,Carta Ortoimagem,2018,SH-21-Z-A
250k,543,Carta Ortoimagem,2018,SH-21-Z-C
250k,544,Carta Ortoimagem,2018,SH-21-Z-D
250k,545,Carta Ortoimagem,2018,SH-22-Y-C
250k,546,Carta Ortoimagem,2018,SH-22-Y-D
250k,548,Carta Ortoimagem,2018,SI-22-V-A
250k,549,Carta Ortoimagem,2018,SI-22-V-B
250k,550,Carta Ortoimagem,2018,SI-22-V-C
100k,2753,Carta Ortoimagem,2018,SF-22-Y-C-I
100k,2779,Carta Ortoimagem,2018,SF-22-Y-C-IV
100k,2797,Carta Ortoimagem,2018,SG-21-X-B-I
100k,2799,Carta Ortoimagem,2018,SG-21-X-B-III
100k,2799,Carta Topográfica,1974,SG-21-X-B-III
100k,2804,Carta Topográfica,1972,SG-22-V-B-II
100k,2816,Carta Ortoimagem,2018,SG-21-X-B-VI
100k,2820,Carta Topográfica,1972,SG-22-V-B-IV
100k,2831,Carta Ortoimagem,2018,SG-21-X-D-II
100k,2832,Carta Ortoimagem,2018,SG-21-X-D-III
100k,2834,Carta Topográfica,2023,SG-22-V-C-II
100k,2841,Carta Ortoimagem,2018,SG-22-X-C-III
100k,2844,Carta Topográfica,1971,SG-22-X-D-III
100k,2846,Carta Ortoimagem,2018,SG-21-X-D-V
100k,2847,Carta Ortoimagem,2018,SG-21-X-D-VI
100k,2848,Carta Ortoimagem,2018,SG-22-V-C-IV
100k,2853,Carta Ortoimagem,2018,SG-22-V-D-VI
100k,2860,Carta Ortoimagem,2018,SG-22-Y-A-I
100k,2872,Carta Topográfica,1961,SG-22-Y-A-IV
100k,2882A,Carta Ortoimagem,2018,SG-21-Z-D-II
100k,2883,Carta Ortoimagem,2018,SG-21-Z-D-III
100k,2896,Carta Ortoimagem,2018,SG-21-Z-D-IV
100k,2897,Carta Ortoimagem,2018,SG-21-Z-D-V
100k,2898,Carta Ortoimagem,2018,SG-21-Z-D-VI
100k,2911,Carta Ortoimagem,2018,SH-21-X-A-III
100k,2912,Carta Ortoimagem,2018,SH-21-X-B-I
100k,2913,Carta Ortoimagem,2018,SH-21-X-B-II
100k,2914,Carta Ortoimagem,2018,SH-21-X-B-III
100k,2916,Carta Topográfica,1971,SH-22-V-A-II
100k,2926,Carta Ortoimagem,2018,SH-21-X-A-V
100k,2926,Carta Topográfica,2023,SH-21-X-A-V
100k,2927,Carta Ortoimagem,2018,SH-21-X-A-VI
100k,2927,Carta Topográfica,2023,SH-21-X-A-VI
100k,2928,Carta Ortoimagem,2018,SH-21-X-B-IV
100k,2928,Carta Topográfica,2023,SH-21-X-B-IV
100k,2929,Carta Ortoimagem,2018,SH-21-X-B-V
100k,2929,Carta Topográfica,2023,SH-21-X-B-V
100k,2930,Carta Ortoimagem,2018,SH-21-X-B-VI
100k,2930,Carta Topográfica,2023,SH-21-X-B-VI
100k,2931,Carta Topográfica,1970,SH-22-V-A-IV
100k,2931,Carta Topográfica,2023,SH-22-V-A-IV
100k,2932,Carta Topográfica,2023,SH-22-V-A-V
100k,2942,Carta Ortoimagem,2018,SH-21-X-C-I
100k,2942,Carta Topográfica,2023,SH-21-X-C-I
100k,2943,Carta Ortoimagem,2018,SH-21-X-C-II
100k,2943,Carta Topográfica,2023,SH-21-X-C-II
100k,2944,Carta Ortoimagem,2018,SH-21-X-C-III
100k,2944,Carta Topográfica,2023,SH-21-X-C-III
100k,2945,Carta Ortoimagem,2018,SH-21-X-D-I
100k,2945,Carta Topográfica,2023,SH-21-X-D-I
100k,2946,Carta Ortoimagem,2018,SH-21-X-D-II
100k,2946,Carta Topográfica,2023,SH-21-X-D-II
100k,2947,Carta Ortoimagem,2018,SH-21-X-D-III
100k,2947,Carta Topográfica,2023,SH-21-X-D-III
100k,2948,Carta Topográfica,2023,SH-22-V-C-I
100k,2949,Carta Topográfica,2023,SH-22-V-C-II
100k,2958,Carta Ortoimagem,2018,SH-21-V-D-VI
100k,2958,Carta Topográfica,2023,SH-21-V-D-VI
100k,2959,Carta Ortoimagem,2018,SH-21-X-C-IV
100k,2959,Carta Topográfica,2023,SH-21-X-C-IV
100k,2960,Carta Ortoimagem,2018,SH-21-X-C-V
100k,2960,Carta Topográfica,2023,SH-21-X-C-V
100k,2961,Carta Ortoimagem,2018,SH-21-X-C-VI
100k,2961,Carta Topográfica,2023,SH-21-X-C-VI
100k,2962,Carta Ortoimagem,2018,SH-21-X-D-IV
100k,2962,Carta Topográfica,2023,SH-21-X-D-IV
100k,2963,Carta Ortoimagem,2018,SH-21-X-D-V
100k,2963,Carta Topográfica,2023,SH-21-X-D-V
100k,2964,Carta Ortoimagem,2018,SH-21-X-D-VI
100k,2964,Carta Topográfica,2023,SH-21-X-D-VI
100k,2965,Carta Topográfica,2023,SH-22-V-C-IV
100k,2966,Carta Topográfica,2023,SH-22-V-C-V
100k,2974,Carta Ortoimagem,2018,SH-21-Y-B-II
100k,2974,Carta Topográfica,2023,SH-21-Y-B-II
100k,2975,Carta Ortoimagem,2018,SH-21-Y-B-III
100k,2975,Carta Topográfica,2023,SH-21-Y-B-III
100k,2976,Carta Ortoimagem,2018,SH-21-Z-A-I
100k,2976,Carta Topográfica,2023,SH-21-Z-A-I
100k,2977,Carta Ortoimagem,2018,SH-21-Z-A-II
100k,2977,Carta Topográfica,2023,SH-21-Z-A-II
100k,2978,Carta Ortoimagem,2018,SH-21-Z-A-III
100k,2978,Carta Topográfica,2023,SH-21-Z-A-III
100k,2979,Carta Ortoimagem,2018,SH-21-Z-B-I
100k,2979,Carta Topográfica,2023,SH-21-Z-B-I
100k,2980,Carta Ortoimagem,2018,SH-21-Z-B-II
100k,2980,Carta Topográfica,2023,SH-21-Z-B-II
100k,2981,Carta Ortoimagem,2018,SH-21-Z-B-III
100k,2981,Carta Topográfica,2023,SH-21-Z-B-III
100k,2982,Carta Topográfica,2023,SH-22-Y-A-I
100k,2983,Carta Topográfica,2023,SH-22-Y-A-II
100k,2990,Carta Ortoimagem,2018,SH-21-Z-A-V
100k,2990,Carta Topográfica,2023,SH-21-Z-A-V
100k,2991,Carta Ortoimagem,2018,SH-21-Z-A-VI
100k,2991,Carta Topográfica,2023,SH-21-Z-A-VI
100k,2992,Carta Ortoimagem,2018,SH-21-Z-B-IV
100k,2992,Carta Topográfica,2023,SH-21-Z-B-IV
100k,2993,Carta Ortoimagem,2018,SH-21-Z-B-V
100k,2993,Carta Topográfica,2023,SH-21-Z-B-V
100k,2994,Carta Ortoimagem,2018,SH-21-Z-B-VI
100k,2994,Carta Topográfica,2023,SH-21-Z-B-VI
100k,2995,Carta Topográfica,2023,SH-22-Y-A-IV
100k,2996,Carta Topográfica,2023,SH-22-Y-A-V
100k,3003,Carta Ortoimagem,2018,SH-21-Z-C-II
100k,3003,Carta Topográfica,2023,SH-21-Z-C-II
100k,3004,Carta Ortoimagem,2018,SH-21-Z-C-III
100k,3004,Carta Topográfica,2023,SH-21-Z-C-III
100k,3005,Carta Ortoimagem,2018,SH-21-Z-D-I
100k,3005,Carta Topográfica,2023,SH-21-Z-D-I
100k,3006,Carta Ortoimagem,2018,SH-21-Z-D-II
100k,3006,Carta Topográfica,2023,SH-21-Z-D-II
100k,3007,Carta Ortoimagem,2018,SH-21-Z-D-III
100k,3007,Carta Topográfica,2023,SH-21-Z-D-III
100k,3008,Carta Ortoimagem,2018,SH-22-Y-C-I
100k,3008,Carta Topográfica,2023,SH-22-Y-C-I
100k,3009,Carta Ortoimagem,2018,SH-22-Y-C-II
100k,3009,Carta Topográfica,2023,SH-22-Y-C-II
100k,3010,Carta Ortoimagem,2018,SH-22-Y-C-III
100k,3011,Carta Ortoimagem,2018,SH-22-Y-D-I
100k,3012,Carta Ortoimagem,2018,SH-22-Y-D-II
100k,3013,Carta Ortoimagem,2018,SH-22-Y-D-III
100k,3015,Carta Ortoimagem,2018,SH-21-Z-D-V
100k,3015,Carta Topográfica,2023,SH-21-Z-D-V
100k,3016,Carta Topográfica,2023,SH-21-Z-D-VI
100k,3017,Carta Ortoimagem,2018,SH-22-Y-C-IV
100k,3017,Carta Topográfica,2023,SH-22-Y-C-IV
100k,3018,Carta Ortoimagem,2018,SH-22-Y-C-V
100k,3018,Carta Topográfica,2023,SH-22-Y-C-V
100k,3019,Carta Ortoimagem,2018,SH-22-Y-C-VI
100k,3020,Carta Ortoimagem,2018,SH-22-Y-D-IV
100k,3021,Carta Ortoimagem,2018,SH-22-Y-D-V
100k,3022,Carta Ortoimagem,2018,SH-22-Y-D-VI
100k,3023,Carta Ortoimagem,2018,SI-22-V-A-I
100k,3024,Carta Ortoimagem,2018,SI-22-V-A-II
100k,3025,Carta Ortoimagem,2018,SI-22-V-A-III
100k,3026,Carta Ortoimagem,2018,SI-22-V-B-I
100k,3027,Carta Ortoimagem,2018,SI-22-V-B-II
100k,3029,Carta Ortoimagem,2018,SI-22-V-A-V
100k,3030,Carta Ortoimagem,2018,SI-22-V-A-VI
100k,3031,Carta Ortoimagem,2018,SI-22-V-B-IV
100k,3032,Carta Ortoimagem,2018,SI-22-V-C-I
100k,3033,Carta Ortoimagem,2018,SI-22-V-C-II
100k,3034,Carta Ortoimagem,2018,SI-22-V-C-III
100k,3035,Carta Ortoimagem,2018,SI-22-V-C-IV
100k,3036,Carta Ortoimagem,2018,SI-22-V-C-V
50k,2753-1,Carta Topográfica,2016,SF-22-Y-C-I-1
50k,2785-1,Carta Topográfica,1992,SF-22-Z-C-IV-1
50k,2797-2,Carta Ortoimagem,2018,SG-21-X-B-I-2
50k,2797-2,Carta Topográfica,2016,SG-21-X-B-I-2
50k,2801-3,Carta Topográfica,1997,SG-22-V-A-II-3
50k,2801-4,Carta Topográfica,1995,SG-22-V-A-II-4
50k,2823-2,Carta Topográfica,1967,SG-22-X-A-IV-2
50k,2825-3,Carta Topográfica,1970,SG-22-X-A-VI-3
50k,2832-3,Carta Topográfica,1981,SG-21-X-D-III-3
50k,2835-1,Carta Topográfica,1990,SG-22-V-C-III-1
50k,2839-1,Carta Topográfica,1968,SG-22-X-C-I-1
50k,2839-3,Carta Topográfica,1973,SG-22-X-C-I-3
50k,2843-2,Carta Topográfica,1970,SG-22-X-D-II-2
50k,2849-2,Carta Topográfica,1990,SG-22-V-C-V-2
50k,2849-3,Carta Topográfica,1981,SG-22-V-C-V-3
50k,2849-3,Carta Topográfica,1990,SG-22-V-C-V-3
50k,2849-4,Carta Topográfica,1990,SG-22-V-C-V-4
50k,2850-1,Carta Topográfica,1990,SG-22-V-C-VI-1
50k,2850-2,Carta Topográfica,1990,SG-22-V-C-VI-2
50k,2850-3,Carta Topográfica,1990,SG-22-V-C-VI-3
50k,2850-4,Carta Topográfica,1990,SG-22-V-C-VI-4
50k,2851-1,Carta Topográfica,1990,SG-22-V-D-IV-1
50k,2851-2,Carta Topográfica,1990,SG-22-V-D-IV-2
50k,2856-4,Carta Topográfica,1959,SG-22-X-C-VI-4
50k,2866-4,Carta Topográfica,2019,SG-22-Z-A-I-4
50k,2867-3,Carta Topográfica,2019,SG-22-Z-A-II-3
50k,2867-4,Carta Topográfica,2019,SG-22-Z-A-II-4
50k,2872-1,Carta Ortoimagem,2023,SG-22-Y-A-IV-1
50k,2876-3,Carta Topográfica,2019,SG-22-Y-B-V-3
50k,2876-4,Carta Topográfica,2019,SG-22-Y-B-V-4
50k,2877-3,Carta Topográfica,2019,SG-22-Y-B-VI-3
50k,2877-4,Carta Topográfica,2019,SG-22-Y-B-VI-4
50k,2878-1,Carta Topográfica,2019,SG-22-Z-A-IV-1
50k,2878-2,Carta Topográfica,2019,SG-22-Z-A-IV-2
50k,2878-3,Carta Topográfica,2019,SG-22-Z-A-IV-3
50k,2878-4,Carta Topográfica,2019,SG-22-Z-A-IV-4
50k,2879-1,Carta Topográfica,2019,SG-22-Z-A-V-1
50k,2879-2,Carta Topográfica,2019,SG-22-Z-A-V-2
50k,2879-3,Carta Topográfica,2019,SG-22-Z-A-V-3
50k,2879-4,Carta Topográfica,2019,SG-22-Z-A-V-4
50k,2882A-4,Carta Ortoimagem,2018,SG-21-Z-D-II-4
50k,2883-2,Carta Ortoimagem,2018,SG-21-Z-D-III-2
50k,2883-3,Carta Ortoimagem,2018,SG-21-Z-D-III-3
50k,2883-4,Carta Ortoimagem,2018,SG-21-Z-D-III-4
50k,2884-2,Carta Ortoimagem,2025,SG-22-Y-C-I-2
50k,2887-2,Carta Topográfica,2019,SG-22-Y-D-I-2
50k,2888-1,Carta Topográfica,2019,SG-22-Y-D-II-1
50k,2888-2,Carta Topográfica,2019,SG-22-Y-D-II-2
50k,2889-1,Carta Topográfica,2019,SG-22-Y-D-III-1
50k,2889-2,Carta Topográfica,2019,SG-22-Y-D-III-2
50k,2889-3,Carta Topográfica,2019,SG-22-Y-D-III-3
50k,2889-4,Carta Topográfica,2019,SG-22-Y-D-III-4
50k,2890-1,Carta Topográfica,2019,SG-22-Z-C-I-1
50k,2890-2,Carta Topográfica,2019,SG-22-Z-C-I-2
50k,2890-3,Carta Topográfica,2019,SG-22-Z-C-I-3
50k,2890-4,Carta Topográfica,2019,SG-22-Z-C-I-4
50k,2891-1,Carta Topográfica,2019,SG-22-Z-C-II-1
50k,2891-2,Carta Topográfica,2019,SG-22-Z-C-II-2
50k,2891-3,Carta Topográfica,2019,SG-22-Z-C-II-3
50k,2891-4,Carta Topográfica,2019,SG-22-Z-C-II-4
50k,2895-1,Carta Topográfica,1974,SG-22-Z-D-III-1
50k,2896-3,Carta Ortoimagem,2018,SG-21-Z-D-IV-3
50k,2896-3,Carta Topográfica,1963,SG-21-Z-D-IV-3
50k,2896-4,Carta Ortoimagem,2018,SG-21-Z-D-IV-4
50k,2897-1,Carta Ortoimagem,2018,SG-21-Z-D-V-1
50k,2897-2,Carta Ortoimagem,2018,SG-21-Z-D-V-2
50k,2897-3,Carta Ortoimagem,2018,SG-21-Z-D-V-3
50k,2897-3,Carta Topográfica,1978,SG-21-Z-D-V-3
50k,2897-3,Carta Topográfica,1981,SG-21-Z-D-V-3
50k,2897-4,Carta Ortoimagem,2018,SG-21-Z-D-V-4
50k,2898-1,Carta Ortoimagem,2018,SG-21-Z-D-VI-1
50k,2898-2,Carta Ortoimagem,2018,SG-21-Z-D-VI-2
50k,2898-3,Carta Ortoimagem,2018,SG-21-Z-D-VI-3
50k,2898-4,Carta Ortoimagem,2018,SG-21-Z-D-VI-4
50k,2904-2,Carta Topográfica,2019,SG-22-Y-D-VI-2
50k,2905-1,Carta Topográfica,2019,SG-22-Z-C-IV-1
50k,2905-2,Carta Topográfica,2019,SG-22-Z-C-IV-2
50k,2905-3,Carta Topográfica,2019,SG-22-Z-C-IV-3
50k,2905-4,Carta Topográfica,2019,SG-22-Z-C-IV-4
50k,2906-1,Carta Topográfica,2019,SG-22-Z-C-V-1
50k,2906-2,Carta Topográfica,2019,SG-22-Z-C-V-2
50k,2906-3,Carta Topográfica,2019,SG-22-Z-C-V-3
50k,2906-4,Carta Topográfica,2019,SG-22-Z-C-V-4
50k,2908-3,Carta Topográfica,1976,SG-22-Z-D-IV-3
50k,2911-1,Carta Ortoimagem,2018,SH-21-X-A-III-1
50k,2911-2,Carta Ortoimagem,2018,SH-21-X-A-III-2
50k,2911-3,Carta Ortoimagem,2018,SH-21-X-A-III-3
50k,2911-4,Carta Ortoimagem,2018,SH-21-X-A-III-4
50k,2922-1,Carta Topográfica,2019,SH-22-X-A-II-1
50k,2922-2,Carta Topográfica,2019,SH-22-X-A-II-2
50k,2922-4,Carta Topográfica,2019,SH-22-X-A-II-4
50k,2926-2,Carta Ortoimagem,2018,SH-21-X-A-V-2
50k,2926-3,Carta Ortoimagem,2018,SH-21-X-A-V-3
50k,2926-4,Carta Ortoimagem,2018,SH-21-X-A-V-4
50k,2927-1,Carta Ortoimagem,2018,SH-21-X-A-VI-1
50k,2927-2,Carta Ortoimagem,2018,SH-21-X-A-VI-2
50k,2927-3,Carta Ortoimagem,2018,SH-21-X-A-VI-3
50k,2927-4,Carta Ortoimagem,2018,SH-21-X-A-VI-4
50k,2935-3,Carta Topográfica,1979,SH-22-V-B-V-3
50k,2936-2,Carta Topográfica,1980,SH-22-V-B-VI-2
50k,2938-1,Carta Topográfica,1978,SH-22-X-A-V-1
50k,2942-2,Carta Ortoimagem,2018,SH-21-X-C-I-2
50k,2942-3,Carta Ortoimagem,2018,SH-21-X-C-I-3
50k,2942-4,Carta Ortoimagem,2018,SH-21-X-C-I-4
50k,2943-2,Carta Ortoimagem,2018,SH-21-X-C-II-2
50k,2943-3,Carta Ortoimagem,2018,SH-21-X-C-II-3
50k,2943-4,Carta Ortoimagem,2018,SH-21-X-C-II-4
50k,2944-1,Carta Ortoimagem,2018,SH-21-X-C-III-1
50k,2944-2,Carta Ortoimagem,2018,SH-21-X-C-III-2
50k,2944-3,Carta Ortoimagem,2018,SH-21-X-C-III-3
50k,2944-3,Carta Topográfica,1977,SH-21-X-C-III-3
50k,2944-4,Carta Ortoimagem,2018,SH-21-X-C-III-4
50k,2945-2,Carta Ortoimagem,2018,SH-21-X-D-I-2
50k,2945-3,Carta Ortoimagem,2018,SH-21-X-D-I-3
50k,2945-3,Carta Topográfica,1954,SH-21-X-D-I-3
50k,2945-4,Carta Ortoimagem,2018,SH-21-X-D-I-4
50k,2946-1,Carta Ortoimagem,2018,SH-21-X-D-II-1
50k,2946-2,Carta Ortoimagem,2018,SH-21-X-D-II-2
50k,2946-3,Carta Ortoimagem,2018,SH-21-X-D-II-3
50k,2946-4,Carta Ortoimagem,2018,SH-21-X-D-II-4
50k,2947-1,Carta Ortoimagem,2018,SH-21-X-D-III-1
50k,2947-3,Carta Ortoimagem,2018,SH-21-X-D-III-3
50k,2947-4,Carta Ortoimagem,2018,SH-21-X-D-III-4
50k,2958-2,Carta Topográfica,1979,SH-21-V-D-VI-2
50k,2969-1,Carta Topográfica,1992,SH-22-V-D-V-1
50k,2969-4,Carta Topográfica,1979,SH-22-V-D-V-4
50k,2971-2,Carta Topográfica,1978,SH-22-X-C-IV-2
50k,2975-2,Carta Topográfica,1960,SH-21-Y-B-III-2
50k,2988-2,Carta Topográfica,1969,SH-22-Z-A-I-2
50k,3000-2,Carta Topográfica,2022,SH-22-Y-B-VI-2
50k,3000-4,Carta Topográfica,2022,SH-22-Y-B-VI-4
50k,3003-2,Carta Ortoimagem,2018,SH-21-Z-C-II-2
50k,3004-1,Carta Ortoimagem,2018,SH-21-Z-C-III-1
50k,3005-1,Carta Ortoimagem,2018,SH-21-Z-D-I-1
50k,3005-2,Carta Ortoimagem,2018,SH-21-Z-D-I-2
50k,3005-4,Carta Ortoimagem,2018,SH-21-Z-D-I-4
50k,3006-1,Carta Ortoimagem,2018,SH-21-Z-D-II-1
50k,3006-2,Carta Ortoimagem,2018,SH-21-Z-D-II-2
50k,3006-2,Carta Topográfica,2025,SH-21-Z-D-II-2
50k,3006-3,Carta Ortoimagem,2018,SH-21-Z-D-II-3
50k,3006-4,Carta Ortoimagem,2018,SH-21-Z-D-II-4
50k,3006-4,Carta Topográfica,2025,SH-21-Z-D-II-4
50k,3007-1,Carta Ortoimagem,2018,SH-21-Z-D-III-1
50k,3007-1,Carta Topográfica,2025,SH-21-Z-D-III-1
50k,3007-2,Carta Ortoimagem,2018,SH-21-Z-D-III-2
50k,3007-2,Carta Topográfica,2025,SH-21-Z-D-III-2
50k,3007-3,Carta Ortoimagem,2018,SH-21-Z-D-III-3
50k,3007-3,Carta Topográfica,2025,SH-21-Z-D-III-3
50k,3007-4,Carta Ortoimagem,2018,SH-21-Z-D-III-4
50k,3008-1,Carta Ortoimagem,2018,SH-22-Y-C-I-1
50k,3008-1,Carta Topográfica,2025,SH-22-Y-C-I-1
50k,3008-2,Carta Topográfica,2025,SH-22-Y-C-I-2
50k,3008-3,Carta Ortoimagem,2018,SH-22-Y-C-I-3
50k,3008-3,Carta Topográfica,2025,SH-22-Y-C-I-3
50k,3008-4,Carta Ortoimagem,2018,SH-22-Y-C-I-4
50k,3008-4,Carta Topográfica,2025,SH-22-Y-C-I-4
50k,3009-1,Carta Topográfica,2025,SH-22-Y-C-II-1
50k,3009-2,Carta Topográfica,2025,SH-22-Y-C-II-2
50k,3009-3,Carta Ortoimagem,2018,SH-22-Y-C-II-3
50k,3009-3,Carta Topográfica,2025,SH-22-Y-C-II-3
50k,3009-4,Carta Topográfica,2025,SH-22-Y-C-II-4
50k,3010-2,Carta Ortoimagem,2018,SH-22-Y-C-III-2
50k,3010-4,Carta Ortoimagem,2018,SH-22-Y-C-III-4
50k,3015-2,Carta Ortoimagem,2018,SH-21-Z-D-V-2
50k,3016-1,Carta Ortoimagem,2018,SH-21-Z-D-VI-1
50k,3016-2,Carta Ortoimagem,2018,SH-21-Z-D-VI-2
50k,3016-2,Carta Topográfica,1979,SH-21-Z-D-VI-2
50k,3016-2,Carta Topográfica,2025,SH-21-Z-D-VI-2
50k,3016-3,Carta Ortoimagem,2018,SH-21-Z-D-VI-3
50k,3016-4,Carta Ortoimagem,2018,SH-21-Z-D-VI-4
50k,3017-1,Carta Ortoimagem,2018,SH-22-Y-C-IV-1
50k,3017-1,Carta Topográfica,2025,SH-22-Y-C-IV-1
50k,3017-2,Carta Ortoimagem,2018,SH-22-Y-C-IV-2
50k,3017-2,Carta Topográfica,2025,SH-22-Y-C-IV-2
50k,3017-3,Carta Ortoimagem,2018,SH-22-Y-C-IV-3
50k,3017-3,Carta Topográfica,2025,SH-22-Y-C-IV-3
50k,3017-4,Carta Ortoimagem,2018,SH-22-Y-C-IV-4
50k,3017-4,Carta Topográfica,2025,SH-22-Y-C-IV-4
50k,3018-1,Carta Ortoimagem,2018,SH-22-Y-C-V-1
50k,3018-1,Carta Topográfica,1980,SH-22-Y-C-V-1
50k,3018-1,Carta Topográfica,2025,SH-22-Y-C-V-1
50k,3018-2,Carta Topográfica,2025,SH-22-Y-C-V-2
50k,3018-3,Carta Ortoimagem,2018,SH-22-Y-C-V-3
50k,3018-3,Carta Topográfica,2025,SH-22-Y-C-V-3
50k,3018-4,Carta Topográfica,2025,SH-22-Y-C-V-4
50k,3019-1,Carta Ortoimagem,2018,SH-22-Y-C-VI-1
50k,3019-2,Carta Ortoimagem,2018,SH-22-Y-C-VI-2
50k,3019-3,Carta Ortoimagem,2018,SH-22-Y-C-VI-3
50k,3019-4,Carta Ortoimagem,2018,SH-22-Y-C-VI-4
50k,3023-4,Carta Ortoimagem,2018,SI-22-V-A-I-4
50k,3024-1,Carta Ortoimagem,2018,SI-22-V-A-II-1
50k,3024-2,Carta Ortoimagem,2018,SI-22-V-A-II-2
50k,3024-3,Carta Ortoimagem,2018,SI-22-V-A-II-3
50k,3024-4,Carta Ortoimagem,2018,SI-22-V-A-II-4
50k,3025-1,Carta Ortoimagem,2018,SI-22-V-A-III-1
50k,3025-2,Carta Ortoimagem,2018,SI-22-V-A-III-2
50k,3025-3,Carta Ortoimagem,2018,SI-22-V-A-III-3
50k,3025-4,Carta Ortoimagem,2018,SI-22-V-A-III-4
50k,3026-3,Carta Ortoimagem,2018,SI-22-V-B-I-3
50k,3026-4,Carta Ortoimagem,2018,SI-22-V-B-I-4
50k,3027-1,Carta Ortoimagem,2018,SI-22-V-B-II-1
50k,3029-1,Carta Ortoimagem,2018,SI-22-V-A-V-1
50k,3030-1,Carta Ortoimagem,2018,SI-22-V-A-VI-1
50k,3030-2,Carta Ortoimagem,2018,SI-22-V-A-VI-2
50k,3030-3,Carta Ortoimagem,2018,SI-22-V-A-VI-3
50k,3030-4,Carta Ortoimagem,2018,SI-22-V-A-VI-4
50k,3031-1,Carta Ortoimagem,2018,SI-22-V-B-IV-1
50k,3031-3,Carta Ortoimagem,2018,SI-22-V-B-IV-3
25k,2753-1-NE,Carta Ortoimagem,2018,SF-22-Y-C-I-1-NE
25k,2753-1-NO,Carta Ortoimagem,2018,SF-22-Y-C-I-1-NO
25k,2753-1-SE,Carta Ortoimagem,2018,SF-22-Y-C-I-1-SE
25k,2753-1-SO,Carta Ortoimagem,2018,SF-22-Y-C-I-1-SO
25k,2753-2-NE,Carta Ortoimagem,2018,SF-22-Y-C-I-2-NE
25k,2753-2-NO,Carta Ortoimagem,2018,SF-22-Y-C-I-2-NO
25k,2753-2-SE,Carta Ortoimagem,2018,SF-22-Y-C-I-2-SE
25k,2753-2-SO,Carta Ortoimagem,2018,SF-22-Y-C-I-2-SO
25k,2753-3-NE,Carta Ortoimagem,2018,SF-22-Y-C-I-3-NE
25k,2753-3-NO,Carta Ortoimagem,2018,SF-22-Y-C-I-3-NO
25k,2753-3-SE,Carta Ortoimagem,2018,SF-22-Y-C-I-3-SE
25k,2753-3-SO,Carta Ortoimagem,2018,SF-22-Y-C-I-3-SO
25k,2753-4-NE,Carta Ortoimagem,2018,SF-22-Y-C-I-4-NE
25k,2753-4-NO,Carta Ortoimagem,2018,SF-22-Y-C-I-4-NO
25k,2753-4-SE,Carta Ortoimagem,2018,SF-22-Y-C-I-4-SE
25k,2753-4-SO,Carta Ortoimagem,2018,SF-22-Y-C-I-4-SO
25k,2779-1-NE,Carta Ortoimagem,2018,SF-22-Y-C-IV-1-NE
25k,2779-1-NO,Carta Ortoimagem,2018,SF-22-Y-C-IV-1-NO
25k,2779-1-SE,Carta Ortoimagem,2018,SF-22-Y-C-IV-1-SE
25k,2779-1-SO,Carta Ortoimagem,2018,SF-22-Y-C-IV-1-SO
25k,2779-2-NE,Carta Ortoimagem,2018,SF-22-Y-C-IV-2-NE
25k,2779-2-NO,Carta Ortoimagem,2018,SF-22-Y-C-IV-2-NO
25k,2779-2-SO,Carta Ortoimagem,2018,SF-22-Y-C-IV-2-SO
25k,2779-3-NE,Carta Ortoimagem,2018,SF-22-Y-C-IV-3-NE
25k,2779-3-NO,Carta Ortoimagem,2018,SF-22-Y-C-IV-3-NO
25k,2779-3-SE,Carta Ortoimagem,2018,SF-22-Y-C-IV-3-SE
25k,2779-3-SO,Carta Ortoimagem,2018,SF-22-Y-C-IV-3-SO
25k,2779-4-NO,Carta Ortoimagem,2018,SF-22-Y-C-IV-4-NO
25k,2779-4-SO,Carta Ortoimagem,2018,SF-22-Y-C-IV-4-SO
25k,2799-1-NE,Carta Ortoimagem,2018,SG-21-X-B-III-1-NE
25k,2799-1-SE,Carta Ortoimagem,2018,SG-21-X-B-III-1-SE
25k,2799-2-NE,Carta Ortoimagem,2018,SG-21-X-B-III-2-NE
25k,2799-2-NO,Carta Ortoimagem,2018,SG-21-X-B-III-2-NO
25k,2799-2-SE,Carta Ortoimagem,2018,SG-21-X-B-III-2-SE
25k,2799-2-SO,Carta Ortoimagem,2018,SG-21-X-B-III-2-SO
25k,2799-3-NE,Carta Ortoimagem,2018,SG-21-X-B-III-3-NE
25k,2799-3-SE,Carta Ortoimagem,2018,SG-21-X-B-III-3-SE
25k,2799-4-NE,Carta Ortoimagem,2018,SG-21-X-B-III-4-NE
25k,2799-4-NO,Carta Ortoimagem,2018,SG-21-X-B-III-4-NO
25k,2799-4-SE,Carta Ortoimagem,2018,SG-21-X-B-III-4-SE
25k,2799-4-SO,Carta Ortoimagem,2018,SG-21-X-B-III-4-SO
25k,2866-4-NE,Carta Topográfica,2017,SG-22-Z-A-I-4-NE
25k,2866-4-NO,Carta Topográfica,2017,SG-22-Z-A-I-4-NO
25k,2866-4-SE,Carta Topográfica,2017,SG-22-Z-A-I-4-SE
25k,2866-4-SO,Carta Topográfica,2017,SG-22-Z-A-I-4-SO
25k,2867-1-SE,Carta Topográfica,2018,SG-22-Z-A-II-1-SE
25k,2867-2-SO,Carta Topográfica,2018,SG-22-Z-A-II-2-SO
25k,2867-3-NE,Carta Topográfica,2017,SG-22-Z-A-II-3-NE
25k,2867-3-NE,Carta Topográfica,2018,SG-22-Z-A-II-3-NE
25k,2867-3-NO,Carta Topográfica,2017,SG-22-Z-A-II-3-NO
25k,2867-3-SE,Carta Topográfica,2017,SG-22-Z-A-II-3-SE
25k,2867-3-SO,Carta Topográfica,2017,SG-22-Z-A-II-3-SO
25k,2867-4-NE,Carta Topográfica,2017,SG-22-Z-A-II-4-NE
25k,2867-4-NO,Carta Topográfica,2018,SG-22-Z-A-II-4-NO
25k,2867-4-SE,Carta Topográfica,2017,SG-22-Z-A-II-4-SE
25k,2867-4-SO,Carta Topográfica,2017,SG-22-Z-A-II-4-SO
25k,2876-3-NE,Carta Topográfica,2017,SG-22-Y-B-V-3-NE
25k,2876-3-NO,Carta Topográfica,2017,SG-22-Y-B-V-3-NO
25k,2876-3-SE,Carta Topográfica,2017,SG-22-Y-B-V-3-SE
25k,2876-3-SO,Carta Topográfica,2017,SG-22-Y-B-V-3-SO
25k,2876-4-NE,Carta Topográfica,2017,SG-22-Y-B-V-4-NE
25k,2876-4-NO,Carta Topográfica,2017,SG-22-Y-B-V-4-NO
25k,2876-4-SE,Carta Topográfica,2018,SG-22-Y-B-V-4-SE
25k,2876-4-SO,Carta Topográfica,2017,SG-22-Y-B-V-4-SO
25k,2877-3-NE,Carta Topográfica,2017,SG-22-Y-B-VI-3-NE
25k,2877-3-NO,Carta Topográfica,2017,SG-22-Y-B-VI-3-NO
25k,2877-3-SE,Carta Topográfica,2018,SG-22-Y-B-VI-3-SE
25k,2877-3-SO,Carta Topográfica,2018,SG-22-Y-B-VI-3-SO
25k,2877-4-NE,Carta Topográfica,2017,SG-22-Y-B-VI-4-NE
25k,2877-4-NO,Carta Topográfica,2017,SG-22-Y-B-VI-4-NO
25k,2877-4-SE,Carta Topográfica,2018,SG-22-Y-B-VI-4-SE
25k,2877-4-SO,Carta Topográfica,2018,SG-22-Y-B-VI-4-SO
25k,2878-1-NE,Carta Topográfica,2017,SG-22-Z-A-IV-1-NE
25k,2878-1-NO,Carta Topográfica,2017,SG-22-Z-A-IV-1-NO
25k,2878-1-SE,Carta Topográfica,2017,SG-22-Z-A-IV-1-SE
25k,2878-1-SO,Carta Topográfica,2017,SG-22-Z-A-IV-1-SO
25k,2878-2-NE,Carta Topográfica,2017,SG-22-Z-A-IV-2-NE
25k,2878-2-NO,Carta Topográfica,2017,SG-22-Z-A-IV-2-NO
25k,2878-2-SE,Carta Topográfica,2017,SG-22-Z-A-IV-2-SE
25k,2878-2-SO,Carta Topográfica,2017,SG-22-Z-A-IV-2-SO
25k,2878-3-NE,Carta Topográfica,2017,SG-22-Z-A-IV-3-NE
25k,2878-3-NO,Carta Topográfica,2017,SG-22-Z-A-IV-3-NO
25k,2878-3-SE,Carta Topográfica,2018,SG-22-Z-A-IV-3-SE
25k,2878-3-SO,Carta Topográfica,2018,SG-22-Z-A-IV-3-SO
25k,2878-4-NE,Carta Topográfica,2017,SG-22-Z-A-IV-4-NE
25k,2878-4-NO,Carta Topográfica,2017,SG-22-Z-A-IV-4-NO
25k,2878-4-SE,Carta Topográfica,2018,SG-22-Z-A-IV-4-SE
25k,2878-4-SO,Carta Topográfica,2018,SG-22-Z-A-IV-4-SO
25k,2879-1-NE,Carta Topográfica,2017,SG-22-Z-A-V-1-NE
25k,2879-1-NO,Carta Topográfica,2017,SG-22-Z-A-V-1-NO
25k,2879-1-SE,Carta Topográfica,2017,SG-22-Z-A-V-1-SE
25k,2879-1-SO,Carta Topográfica,2017,SG-22-Z-A-V-1-SO
25k,2879-2-NE,Carta Topográfica,2017,SG-22-Z-A-V-2-NE
25k,2879-2-NO,Carta Topográfica,2017,SG-22-Z-A-V-2-NO
25k,2879-2-SE,Carta Topográfica,2017,SG-22-Z-A-V-2-SE
25k,2879-2-SO,Carta Topográfica,2017,SG-22-Z-A-V-2-SO
25k,2879-3-NE,Carta Topográfica,2017,SG-22-Z-A-V-3-NE
25k,2879-3-NO,Carta Topográfica,2017,SG-22-Z-A-V-3-NO
25k,2879-3-SE,Carta Topográfica,2018,SG-22-Z-A-V-3-SE
25k,2879-3-SO,Carta Topográfica,2018,SG-22-Z-A-V-3-SO
25k,2879-4-NE,Carta Topográfica,2017,SG-22-Z-A-V-4-NE
25k,2879-4-NO,Carta Topográfica,2017,SG-22-Z-A-V-4-NO
25k,2879-4-SE,Carta Topográfica,2018,SG-22-Z-A-V-4-SE
25k,2879-4-SO,Carta Topográfica,2018,SG-22-Z-A-V-4-SO
25k,2887-2-NE,Carta Topográfica,2017,SG-22-Y-D-I-2-NE
25k,2887-2-NO,Carta Topográfica,2017,SG-22-Y-D-I-2-NO
25k,2887-2-SE,Carta Topográfica,2017,SG-22-Y-D-I-2-SE
25k,2887-2-SO,Carta Topográfica,2017,SG-22-Y-D-I-2-SO
25k,2888-1-NE,Carta Topográfica,2017,SG-22-Y-D-II-1-NE
25k,2888-1-NO,Carta Topográfica,2017,SG-22-Y-D-II-1-NO
25k,2888-1-SE,Carta Topográfica,2017,SG-22-Y-D-II-1-SE
25k,2888-1-SO,Carta Topográfica,2017,SG-22-Y-D-II-1-SO
25k,2888-2-NE,Carta Topográfica,2018,SG-22-Y-D-II-2-NE
25k,2888-2-NO,Carta Topográfica,2017,SG-22-Y-D-II-2-NO
25k,2888-2-SE,Carta Topográfica,2018,SG-22-Y-D-II-2-SE
25k,2888-2-SO,Carta Topográfica,2017,SG-22-Y-D-II-2-SO
25k,2889-1-NE,Carta Topográfica,2018,SG-22-Y-D-III-1-NE
25k,2889-1-NO,Carta Topográfica,2018,SG-22-Y-D-III-1-NO
25k,2889-1-SE,Carta Topográfica,2018,SG-22-Y-D-III-1-SE
25k,2889-1-SO,Carta Topográfica,2018,SG-22-Y-D-III-1-SO
25k,2889-2-NE,Carta Topográfica,2018,SG-22-Y-D-III-2-NE
25k,2889-2-NO,Carta Topográfica,2018,SG-22-Y-D-III-2-NO
25k,2889-2-SE,Carta Topográfica,2018,SG-22-Y-D-III-2-SE
25k,2889-2-SO,Carta Topográfica,2018,SG-22-Y-D-III-2-SO
25k,2889-3-NE,Carta Topográfica,2018,SG-22-Y-D-III-3-NE
25k,2889-3-NO,Carta Topográfica,2018,SG-22-Y-D-III-3-NO
25k,2889-3-SE,Carta Topográfica,2018,SG-22-Y-D-III-3-SE
25k,2889-3-SO,Carta Topográfica,2018,SG-22-Y-D-III-3-SO
25k,2889-4-NE,Carta Topográfica,2018,SG-22-Y-D-III-4-NE
25k,2889-4-NO,Carta Topográfica,2018,SG-22-Y-D-III-4-NO
25k,2889-4-SE,Carta Topográfica,2018,SG-22-Y-D-III-4-SE
25k,2889-4-SO,Carta Topográfica,2018,SG-22-Y-D-III-4-SO
25k,2890-1-NE,Carta Topográfica,2018,SG-22-Z-C-I-1-NE
25k,2890-1-NO,Carta Topográfica,2018,SG-22-Z-C-I-1-NO
25k,2890-1-SE,Carta Topográfica,2018,SG-22-Z-C-I-1-SE
25k,2890-1-SO,Carta Topográfica,2018,SG-22-Z-C-I-1-SO
25k,2890-2-NE,Carta Topográfica,2018,SG-22-Z-C-I-2-NE
25k,2890-2-NO,Carta Topográfica,2018,SG-22-Z-C-I-2-NO
25k,2890-2-SE,Carta Topográfica,2018,SG-22-Z-C-I-2-SE
25k,2890-2-SO,Carta Topográfica,2018,SG-22-Z-C-I-2-SO
25k,2890-3-NE,Carta Topográfica,2018,SG-22-Z-C-I-3-NE
25k,2890-3-NO,Carta Topográfica,2018,SG-22-Z-C-I-3-NO
25k,2890-3-SE,Carta Topográfica,2018,SG-22-Z-C-I-3-SE
25k,2890-3-SO,Carta Topográfica,2018,SG-22-Z-C-I-3-SO
25k,2890-4-NE,Carta Topográfica,2018,SG-22-Z-C-I-4-NE
25k,2890-4-NO,Carta Topográfica,2018,SG-22-Z-C-I-4-NO
25k,2890-4-SE,Carta Topográfica,2018,SG-22-Z-C-I-4-SE
25k,2890-4-SO,Carta Topográfica,2018,SG-22-Z-C-I-4-SO
25k,2891-1-NE,Carta Topográfica,2018,SG-22-Z-C-II-1-NE
25k,2891-1-NO,Carta Topográfica,2018,SG-22-Z-C-II-1-NO
25k,2891-1-SE,Carta Topográfica,2018,SG-22-Z-C-II-1-SE
25k,2891-1-SO,Carta Topográfica,2018,SG-22-Z-C-II-1-SO
25k,2891-2-NE,Carta Topográfica,2018,SG-22-Z-C-II-2-NE
25k,2891-2-NO,Carta Topográfica,2018,SG-22-Z-C-II-2-NO
25k,2891-2-SE,Carta Topográfica,2018,SG-22-Z-C-II-2-SE
25k,2891-2-SO,Carta Topográfica,2018,SG-22-Z-C-II-2-SO
25k,2891-3-NE,Carta Topográfica,2018,SG-22-Z-C-II-3-NE
25k,2891-3-NO,Carta Topográfica,2018,SG-22-Z-C-II-3-NO
25k,2891-3-SE,Carta Topográfica,2018,SG-22-Z-C-II-3-SE
25k,2891-3-SO,Carta Topográfica,2018,SG-22-Z-C-II-3-SO
25k,2891-4-NE,Carta Topográfica,2018,SG-22-Z-C-II-4-NE
25k,2891-4-NO,Carta Topográfica,2018,SG-22-Z-C-II-4-NO
25k,2891-4-SE,Carta Topográfica,2018,SG-22-Z-C-II-4-SE
25k,2891-4-SO,Carta Topográfica,2018,SG-22-Z-C-II-4-SO
25k,2904-2-NE,Carta Topográfica,2018,SG-22-Y-D-VI-2-NE
25k,2904-2-NO,Carta Topográfica,2018,SG-22-Y-D-VI-2-NO
25k,2904-2-SE,Carta Topográfica,2018,SG-22-Y-D-VI-2-SE
25k,2904-2-SO,Carta Topográfica,2018,SG-22-Y-D-VI-2-SO
25k,2905-1-NE,Carta Topográfica,2018,SG-22-Z-C-IV-1-NE
25k,2905-1-NO,Carta Topográfica,2018,SG-22-Z-C-IV-1-NO
25k,2905-1-SE,Carta Topográfica,2018,SG-22-Z-C-IV-1-SE
25k,2905-1-SO,Carta Topográfica,2018,SG-22-Z-C-IV-1-SO
25k,2905-2-NE,Carta Topográfica,2018,SG-22-Z-C-IV-2-NE
25k,2905-2-NO,Carta Topográfica,2018,SG-22-Z-C-IV-2-NO
25k,2905-2-SE,Carta Topográfica,2018,SG-22-Z-C-IV-2-SE
25k,2905-2-SO,Carta Topográfica,2018,SG-22-Z-C-IV-2-SO
25k,2905-3-NE,Carta Topográfica,2018,SG-22-Z-C-IV-3-NE
25k,2905-3-NO,Carta Topográfica,2018,SG-22-Z-C-IV-3-NO
25k,2905-3-SE,Carta Topográfica,2018,SG-22-Z-C-IV-3-SE
25k,2905-3-SO,Carta Topográfica,2018,SG-22-Z-C-IV-3-SO
25k,2905-4-NE,Carta Topográfica,2018,SG-22-Z-C-IV-4-NE
25k,2905-4-NO,Carta Topográfica,2018,SG-22-Z-C-IV-4-NO
25k,2905-4-SE,Carta Topográfica,2018,SG-22-Z-C-IV-4-SE
25k,2905-4-SO,Carta Topográfica,2018,SG-22-Z-C-IV-4-SO
25k,2906-1-NE,Carta Topográfica,2018,SG-22-Z-C-V-1-NE
25k,2906-1-NO,Carta Topográfica,2018,SG-22-Z-C-V-1-NO
25k,2906-1-SE,Carta Topográfica,2017,SG-22-Z-C-V-1-SE
25k,2906-1-SO,Carta Topográfica,2018,SG-22-Z-C-V-1-SO
25k,2906-2-NE,Carta Topográfica,2018,SG-22-Z-C-V-2-NE
25k,2906-2-NO,Carta Topográfica,2018,SG-22-Z-C-V-2-NO
25k,2906-2-SE,Carta Topográfica,2017,SG-22-Z-C-V-2-SE
25k,2906-2-SO,Carta Topográfica,2017,SG-22-Z-C-V-2-SO
25k,2906-3-NE,Carta Topográfica,2017,SG-22-Z-C-V-3-NE
25k,2906-3-NO,Carta Topográfica,2018,SG-22-Z-C-V-3-NO
25k,2906-3-SE,Carta Topográfica,2018,SG-22-Z-C-V-3-SE
25k,2906-3-SO,Carta Topográfica,2018,SG-22-Z-C-V-3-SO
25k,2906-4-NE,Carta Topográfica,2017,SG-22-Z-C-V-4-NE
25k,2906-4-NO,Carta Topográfica,2017,SG-22-Z-C-V-4-NO
25k,2906-4-SE,Carta Topográfica,2018,SG-22-Z-C-V-4-SE
25k,2906-4-SO,Carta Topográfica,2018,SG-22-Z-C-V-4-SO
25k,2922-1-NE,Carta Topográfica,2018,SH-22-X-A-II-1-NE
25k,2922-1-NO,Carta Topográfica,2018,SH-22-X-A-II-1-NO
25k,2922-1-SE,Carta Topográfica,2018,SH-22-X-A-II-1-SE
25k,2922-1-SO,Carta Topográfica,2018,SH-22-X-A-II-1-SO
25k,2922-2-NE,Carta Topográfica,2018,SH-22-X-A-II-2-NE
25k,2922-2-NO,Carta Topográfica,2018,SH-22-X-A-II-2-NO
25k,2922-2-SE,Carta Topográfica,2018,SH-22-X-A-II-2-SE
25k,2922-2-SO,Carta Topográfica,2018,SH-22-X-A-II-2-SO
25k,2922-4-NE,Carta Topográfica,2018,SH-22-X-A-II-4-NE
25k,2922-4-NO,Carta Topográfica,2018,SH-22-X-A-II-4-NO
25k,2922-4-SE,Carta Topográfica,2018,SH-22-X-A-II-4-SE
25k,2922-4-SO,Carta Topográfica,2018,SH-22-X-A-II-4-SO
25k,2927-2-SE,Carta Topográfica,2017,SH-21-X-A-VI-2-SE
25k,2927-2-SO,Carta Topográfica,2017,SH-21-X-A-VI-2-SO
25k,2927-4-NE,Carta Topográfica,2017,SH-21-X-A-VI-4-NE
25k,2927-4-NO,Carta Topográfica,2017,SH-21-X-A-VI-4-NO
25k,2946-1-SO,Carta Ortoimagem,2024,SH-21-X-D-II-1-SO
25k,2965-1-SE,Carta Topográfica,2018,SH-22-V-C-IV-1-SE
25k,2965-1-SO,Carta Topográfica,2018,SH-22-V-C-IV-1-SO
25k,2965-3-NE,Carta Topográfica,2018,SH-22-V-C-IV-3-NE
25k,2965-3-NO,Carta Topográfica,2018,SH-22-V-C-IV-3-NO
25k,2968-4-SE,Carta Topográfica,2017,SH-22-V-D-IV-4-SE
25k,2969-3-SO,Carta Topográfica,2017,SH-22-V-D-V-3-SO
25k,2970-4-SO,Carta Topográfica,1940,SH-22-V-D-VI-4-SO
25k,2976-4-NO,Carta Topográfica,1988,SH-21-Z-A-I-4-NO
25k,2976-4-SE,Carta Topográfica,1988,SH-21-Z-A-I-4-SE
25k,2985-2-NE,Carta Topográfica,2017,SH-22-Y-B-I-2-NE
25k,2986-1-NO,Carta Topográfica,2017,SH-22-Y-B-II-1-NO
25k,3000-2-NE,Carta Topográfica,2021,SH-22-Y-B-VI-2-NE
25k,3000-2-NO,Carta Topográfica,2021,SH-22-Y-B-VI-2-NO
25k,3000-2-SE,Carta Topográfica,2021,SH-22-Y-B-VI-2-SE
25k,3000-2-SO,Carta Topográfica,2021,SH-22-Y-B-VI-2-SO
25k,3000-4-NE,Carta Topográfica,2021,SH-22-Y-B-VI-4-NE
25k,3000-4-NO,Carta Topográfica,2021,SH-22-Y-B-VI-4-NO
25k,3000-4-SE,Carta Topográfica,2021,SH-22-Y-B-VI-4-SE
25k,3000-4-SO,Carta Topográfica,2021,SH-22-Y-B-VI-4-SO
